email,user_name,password,first_name,last_name
ruel@becker.biz,rozella.vonrueden,G54sIjVvH,Jayson,Donnelly
tyrone_shanahan@funkweber.biz,onie_von,JyQs7eFcH,Mohammad,Schmeler
liana.wuckert@greenholt.name,maureen,H6Z3Ye7mX,Isela,Fay
mikaela_herzog@johnsharber.name,gary,YcR1PzL34xYmKuP,Marlo,Haley
cherelle.homenick@wardrunte.info,leigh.mcglynn,Rd0lU8XbRt7pK63f,Joseph,Metz
venita_christiansen@satterfield.io,elsy_mills,XkX9O6ZwCj9,Deon,Klocko
ezequiel.ward@oconnell.net,tawna.rogahn,397p2j1s,Darrin,Ziemann
digna@okeefehermiston.co,chantel,J9ZqJ7CvQx,Shanel,Schimmel
albina.armstrong@koepp.info,jason.fritsch,Ic2hNiUcT2UbT9,Sal,Jacobs
shaunta.cummings@watsicaritchie.biz,devorah.vandervort,ScKsPiWlN,Myrtle,Ondricka
elenora.dare@dicki.com,marlin.towne,9aZ5J6O7W,Dolly,Hyatt
heather_ledner@schroeder.net,johnnie,EeRx4g4mEq3hXt,Lee,Schmitt
augusta_klein@kuphalvonrueden.name,glenn.boehm,5cRrMvVnPkPpQm2,Meda,Davis
yolando_muller@goodwin.io,sachiko.wisoky,M39yTs35GfP29,Jackson,Cremin
deneen@hoeger.io,lyman_grimes,4fJgJ805Gj,Darell,Fadel
daryl@collins.co,zane,2oByEvTdGeI,Linwood,Zemlak
melonie@collins.org,dusty.luettgen,LkDpCl7jOzWb63S4,Paulita,Carter
keven@collier.com,samuel_lockman,9aHeR4J81r,Deshawn,Trantow
leann@johnsonbrekke.name,raleigh,Yp41637y7,Ninfa,Walker
evelin@stamm.biz,colin_kaulke,HzLp4gZ4S8Zk0x81,Bobbie,Boyle
carroll.pagac@greenholt.co,cleo,FiFk2wEaPa3,Jeromy,Sporer
gaston.koch@rosenbaum.name,antoine.hagenes,2iO438Ch7,Derek,Murphy
ty_schmitt@marvinwatsica.co,chin,M6D0FaZn64,Adaline,Corwin
britt@dubuque.info,cathi_kuhic,UtL4BoGt2hQe6gSn,Margie,Reynolds
deon.barrows@swiftmclaughlin.io,tamra,CnL3H8Su9c,Randal,O'Conner
raymundo_bahringer@jacobson.org,riley_haley,H6Vw50N0Aj,Viva,Rice
adan@rau.io,reginald,N7Bs7hUtKt34,Beula,Lynch
armando@weimannjones.biz,lon.mcglynn,JdQwVm7tSbI69iJ,Albertha,Zemlak
jospeh@fadel.co,reyes_jerde,Ar4bYnIpN0DeL8B,Cliff,Shields
august@turcotte.name,kathy_feest,Xl4wZxSh3b7l,Wilton,Kohler
corrie_larkin@lowe.co,marnie,RqKoD6Q0JjW,Pearlie,Franecki
collene_mueller@rueckereffertz.biz,armida,1dT5JjMaLeJ,Anh,Leffler
josefa@stantonhayes.com,kathe_medhurst,OlSh30FtBmA,Genoveva,Bauch
julius@schmidt.com,noel_runolfsdottir,Z75zYeQl,Antone,Connelly
ollie@klein.io,alva_purdy,M7DqH20p83,Vania,McClure
mickey@lubowitz.biz,mollie,8h2w3aJa0oDa4i6,Harrison,Frami
madison@braun.biz,ed_damore,TrMr6wGhFhJsR,Numbers,Christiansen
margo@funk.com,fallon,LpQeWoDpRq,Frederic,Aufderhar
mickey.rodriguez@oconnell.net,sung,L7N3QzCjL,Dane,Kub
kenny.kunze@pacochabergnaum.name,lucienne_runolfsdottir,25A9P93oO9KcTjYk,Joshua,Fahey
marcela@mayert.io,maia,Bd9k6tTaO7,Lenny,Larson
stan_balistreri@dubuque.biz,ingrid.gibson,Pj798rBoM6EuW,Jonah,Metz
glenda@borer.net,marquis,5u8xMl866lO,Louie,Mann
veronique.parisian@langworth.io,sadie,ZkRv8hX4KbFaUb,Lyda,Schaden
despina@davis.name,dallas_kutch,GnQ14iDh6hM7I08,Emmitt,Gottlieb
alvaro@dubuque.info,tennie_dietrich,O4JwIaJ4,Vince,Streich
ulrike@hand.net,leo.goodwin,Mz33T1C2W,Janie,Skiles
gus@lehner.org,jeie.koch,XqWw0hFa5zZl23A8,Dylan,Emmerich
concha_abbott@wintheiserrogahn.info,dusty,6k7sQ8K6EiMh,Deangelo,Barton
duane@streich.io,wilfred.mckenzie,9yJ7Pb7eIu,Leandro,Murazik
whitney@grimesturcotte.info,alleen_kihn,WbDd5iJ88288EuW,Shonta,Rowe
quintin@sipesprice.com,lamar_mohr,B9Dy7v62,Emery,Price
gilberto.franecki@baumbach.io,zachery,LpKaNpKxFdEwX,Leanne,Parisian
jannette@jaskolskiwunsch.net,tracy,J0Xn6f46,Rodolfo,Towne
hank@bartell.io,lynwood_turner,XsSqOoU6T,Carol,Satterfield
wilbert_bins@flatley.net,reuben.simonis,M385ZfOkP991Ci,Luz,Rogahn
deshawn.volkman@beieryundt.io,leif,VyMlG666,Hiram,Zboncak
mammie_price@danielokuneva.biz,laticia,P6RkXuC5UkC,Linda,Heaney
vicente@handgleichner.org,deanne_mckenzie,5hR3WiBk5l,Earlene,Pagac
bryon@hillsprice.io,mel,Q9J3G5B74uGaAc2,Luella,Aufderhar
ayako.zieme@rosenbaumhermann.info,xochitl.tremblay,PyZo388bKiP8Y,Lidia,Hahn
kandra_kuhn@bechtelar.com,morton,KdOp5zLp9n,Troy,Fritsch
brain@wildermanhagenes.co,robin,Ad0s35DzQuA,Tanisha,Ratke
chaya@connellyjacobson.net,cruz.wiegand,WwSq5a3i5e9wU,Joe,Satterfield
oralee@wuckert.biz,brandon.schneider,Eh4wL5B5Q87fF,Scott,Turcotte
jackson@swaniawski.net,laurence,Q95zBf6wUkWpZdZ,Merrilee,Bernier
patria@crooks.biz,jesus.dicki,P5Lr2l2fYcByDcZ,Merrill,Okuneva
verena.bartoletti@damorerath.co,stephnie,T6OiZqQdC,Jeromy,Dickinson
jean.macejkovic@hickle.co,zackary.hills,1mUfEhNe0,Raylene,Kuhic
filiberto.stroman@zulauf.net,antione,WzO8A9Dx,Emerald,Bailey
reginald.wintheiser@williamsonmonahan.name,karolyn,Z5841x1x,Brad,Leuschke
ciera@steuber.name,francesco.okon,U3DdJbLuG336B2B1,Christie,Howe
idella.klocko@hauck.info,irvin.kuphal,A0VsEqFiZkFwR0,Chadwick,Walsh
ferne@greenholtabbott.name,chi.ko,ZqL7TiBmV,Jeraldine,Schaefer
filiberto@sanfordabshire.co,stephnie.bergstrom,GmC16e6fZi,Brock,Runolfsdottir
lydia_sporer@mcclurewillms.io,cortney,NrUjX978FaDn4e,Kris,Hoppe
linnea.bernhard@kuhic.name,isa.dare,YcGtR5Aq2eFhR,Gail,Fritsch
jamal_gleichner@bednarpurdy.org,tanika,Y0Zo5pDvV7,Richard,Hirthe
kelvin_gottlieb@larsonlegros.com,jody_rohan,Uh0y94FaE5I,Regenia,Waelchi
cheri@jacobsonluettgen.name,paula,Zq9wY1CpIpCnN,Wynell,Schumm
tona_boehm@smithamrogahn.co,daniel,MsSgS5IiFvI,Allan,Dibbert
lynelle@walsh.net,broderick,ZcDmU489,Hilario,Parisian
lyman@friesen.org,ruel,3q2dL3259f2p,Normand,Kohler
shawn@kovacek.net,roosevelt,6n3tD2R1S9TnK0J,January,Raynor
wade.zieme@rueckerbarton.name,eli_satterfield,5gRq704t4pIxFs,Emilee,Collins
hayden@feest.net,marita.schultz,SpEeCqG69bR5L8I,Hank,Kihn
nelson@cummerata.info,sid,Mt4pTgIzDtDr,Alfonzo,Schultz
tajuana_halvorson@douglas.net,michael.kozey,6w6uZ1R3I,Eneida,Huel
timmy@strosin.co,kendall_wolf,L4H2Pg7zUvR,Merrill,Hermann
kaylee@bahringerlind.name,concetta,BkSu8fGrJfG3S780,Sal,Reichel
tyson_ebert@thiel.info,shala_runolfon,7dYyWiN3,Shawna,O'Connell
margaret.ko@schoen.net,johnie.cummerata,6mLrHk8a04KrId,Rickey,Ortiz
bobbi@watsica.net,gonzalo,NiQk1iXe7,Cyrus,Abernathy
danilo_krajcik@dubuquepfeffer.name,melva,EbIhZ39vCqO,Orville,Schinner
delinda@collier.name,minh_wehner,NfX9Pi87Aa28Gu,Ka,Prosacco
waldo_hamill@kubzboncak.name,darnell_reynolds,Zf79O48zVu2,Rebekah,Jenkins
petra_batz@blanda.net,alva,5g3w4wUnF,Rae,Miller
winnie@hane.co,conrad,KeXqNsNu9c6yDg65,Darrel,Mann
leigh.schoen@daugherty.info,donte_graham,82QzOjR1ChX3,Jerrod,Hoeger
daysi@hettinger.com,mercy_barrows,0aZoGoA76gHvP7G,Man,Miller
tobias@hoeger.co,shanon_breitenberg,WvArH7PkKgH5L,Tony,Zemlak
odis_dicki@mayert.io,forest,U25mGrMjJ3L1,Kyong,Osinski
ferne_langosh@veum.name,earlean.oconnell,PaBz635aQgZtCe,Mammie,Stoltenberg
columbus@altenwerthlubowitz.co,lionel_bailey,11T95vEr1fJmVr3,Dee,Murphy
faustino_prosacco@hoeger.info,josephine,21I9QfSxAh,Suanne,Tillman
timmy@armstronggleichner.co,shantae.mayert,X7CaPy4eMwK7W,Josie,Kirlin
timothy@cain.com,rufus,5hRePuV7J779Z1,Augustine,Will
therea.wyman@deckow.com,eusebio.gerhold,IiXpUv9vLuTlN,Sonja,Renner
jacinto_schiller@wolf.biz,rickey,EfReVzFiLrSr,Wava,Reynolds
sheryl.schumm@dubuque.co,josie,DdH3Ko0p,Benjamin,Franecki
kirsten_treutel@kuhic.org,jerold.mayer,D66ySlSaD9Y,Jamel,Gutmann
marquetta@muellerjast.info,tawnya.schuster,HqU7X136C1ZtNp7,Ned,Hamill
chanell.collins@lebsack.com,daina,GkM7MfSaLaD,Eunice,Dooley
tony_little@pfannerstillquitzon.io,drew,MpFeZeYxDg7,Elijah,Lakin
gail.hoeger@kuhnthompson.biz,tiana_monahan,Bw2vXmO74m5c2pXz,Hollis,Aufderhar
barbie@terryjakubowski.net,jeremiah.abernathy,FwKjX849ZlVjI8F,Berta,Kihn
christian.gerhold@halvorsonbode.org,lon,9tTvKvHuV3Qk8u8,Alanna,McClure
jannet_davis@harber.biz,billy_rodriguez,XrZdJkBj2,Galina,Kuvalis
lachelle@bauchbotsford.com,anderson,6h323sQnJpXoG,Young,Kozey
clementina@steuberschmidt.biz,lacresha,Gb30PeBj,Chere,Steuber
alvaro.tillman@lindpowlowski.org,shantell,Ps9k2eI735T0Y,Shantay,Yundt
jonas@breitenberg.biz,giovanna_feest,RkFuArFkKwIxJa,Audrie,White
margert@lubowitz.biz,elvin_padberg,I06cA13lX27b3,Robin,Stokes
carrol_stehr@damore.biz,mose_heller,QfXqMvQ3XhLq,Cornelius,Baumbach
arthur.halvorson@vonkuphal.info,lori,RaKfAh8vN2K,Gerald,Hilpert
johnna.sauer@walker.io,novella,E0IjLcDq,Fallon,Graham
shea.purdy@lynch.org,layla.runolfsdottir,19ApIw4h59I8,Kendal,Prosacco
dominique_bins@littel.biz,rosalva,BwZj2iTgY,Keturah,Carter
lorelei_schmeler@murray.biz,edmond_emard,BpJ066G4B1AhI24,Vernita,Stamm
jeremy.hudson@lindgrenlabadie.net,bettye,ZkGaJ1Ko,Karon,Considine
lenard_lakin@rau.info,marshall,Lv4zXmDuB1Dx,Charlie,Trantow
brice_schmitt@simonis.org,agnus,QeYhWnFyFiE2P8,Brett,Harber
rex_hilpert@buckridge.biz,joi,Re8mI9GcFsO,Mauricio,Zulauf
ami_nader@adams.biz,harold.daniel,T2QtFkA2G,Lara,Kutch
kirby@lemke.info,iola_kovacek,Hj409v31Rx89AeOq,Raul,Kshlerin
melany@ortiz.org,kami,9qFs1iGn,Rashad,McLaughlin
jackie@okeeferyan.info,lorrine,55TqZzQ6Ed2,Cesar,Kuphal
tesha_gibson@leuschketowne.io,krystle.emard,IoYl5mQj5p,Marlen,Crist
blake@ward.co,janean,ByX6P93n,Jasmin,Leannon
neal_effertz@farrellbechtelar.name,risa.bogisich,7qWqTjEaC4Hp8wAa,Cherryl,Nitzsche
tyler_boehm@parkermoore.org,shizue,Co6sX52r,Aurelio,Auer
see@klocko.net,katrina_howe,BiNlBrChKnKr,Juan,Kuhic
rosalie@ritchieheller.net,nila.swaniawski,8uWvM6Lh,Hugo,DuBuque
eloise@harriswilderman.com,vicente,BjFl32Eu14HeJ7,Trevor,Emmerich
lizeth_lindgren@cronin.net,arnulfo_mohr,FbGcK84o,Heath,Hahn
malena@mante.info,owen_keeling,Y712UnEu4iEkX3U4,Arnulfo,Koelpin
kathlene@hilll.org,ralph_reichel,S2M3WeDwEg1,Jordan,Klein
robt.dubuque@hills.net,israel_towne,Zb9sAsF8M05v,Donny,Dietrich
soon.nader@hills.org,raul,SbEhQrUy,Lala,Lakin
catherin@lang.biz,alethea,IxPl2aQ5JoQ4135,Elana,Larkin
mindy_moen@bashirian.info,yvette.wintheiser,1431A053CaE4L7D,Jeffry,Brekke
emeline@sauer.co,brock,7eT06b5uB080Z,Darrin,Mayer
dione.stanton@jenkins.org,alla.mcdermott,46SwEdJp9a,Elbert,Swaniawski
waylon@rempelfahey.org,kina_labadie,JiX0NlFlS5,Brianne,Buckridge
ben@bogisich.biz,rocky,0eZlBlSy3y,Larae,Schimmel
clotilde@metzkling.com,ed,O8DgNj2tO4G0O,Anisa,Ward
minh@cain.biz,adolph,4bDyR14rG,Travis,Schumm
eloise@schmitt.org,lilla.mann,6qQiM1Z8,Tonisha,McGlynn
jame.beier@kulas.net,joan,0gBvCfQ5MqP,Macy,Howe
laticia@hintzokuneva.biz,randy,GnWe04KlQ50,Mellisa,Friesen
xenia_padberg@ortiz.net,ellsworth,KgGpU114511rP,Rochell,Cummerata
jeremy@rennerkerluke.io,latanya,VeH6VeFe9,Lavern,Dare
lisbeth@jacobsonhettinger.biz,morton,UoCaOtR5132y3k,Mickey,Hyatt
vernia@kirlin.biz,conrad_fadel,OrIqXeF23iXl,Johnny,Gorczany
josiah_larson@hane.io,lenora_hoeger,YqVfNtQx8mW9FrF,Shonda,Barrows
liana.hackett@nicolatark.io,jarrod,Ys7h6xBaInO,Steven,Wolff
karan@simonichulist.io,armand.simonis,RcFdZ4WpR0R5,Art,Luettgen
reinaldo_littel@wyman.net,creola,XeTx9yCuH7,Eloise,Witting
isidro@johnson.biz,leo,U4Ac4oGo8,Isreal,Ferry
loma@marquardt.co,tonja,Vi8gTn8s8o0uTs1z,Caroll,Hegmann
carlos@franecki.org,willard_waelchi,Vf8bWfI2V5P7,Felipe,Zulauf
sharilyn_schimmel@gutmann.info,luciana,7yC19dTdZ799B7,Curtis,Cummerata
ariana@hettingerkeebler.net,alfredo,Qn0iP5Cu1qKr5eA,Emmitt,Jacobson
asa@schamberger.name,ava_dooley,F6BrPb4g7eLi,Rachell,Buckridge
marina@turnermccullough.org,eugenie,2yP5LnWsJyCfC25z,Pamela,Okuneva
geraldine@blanda.io,tiffiny.boehm,Fg7jKdQvK12gD1E,Kerry,Konopelski
galen_strosin@hintz.name,ricky,LfI0HyRlWnK4,Mario,Reynolds
cherice.nisei@hintzgalore.com,patience.farrell,Mf16AnR3W2,Cortez,Wiza
sledge_kim@hintzgalore.com,cortez,MkYc096bAhT6Oz,Dale,Homenick
tawna@casper.net,loreen_kirlin,R21oE5Qe3,Blanch,Zboncak
son_renner@krajcik.io,randall.beer,NdIp8uS7QqW3FoE,Rosita,Beier
tinisha@thiel.biz,ashton.vonrueden,K58p34Y7Am,Antoine,Paucek
janet@hammes.org,jake.predovic,J4RsGwRz72CwFd0,Riley,Mohr
yong.hirthe@walsh.com,so_lindgren,Kj7p9lWqXy,Laronda,Gleason
lamont@rennergleason.biz,marisol,Y0Bh9bO7Ic7,Avery,Willms
wilburn@oberbrunnerharris.co,glennie_weber,ScKtKz5zHkV76,Kathlyn,Torp
laverne.hartmann@littel.biz,dewey,2uNu5fLjWaWf,Claud,Runte
vaughn@bode.info,vada,1w3cSiFz,Duane,Cruickshank
camille_botsford@reichel.info,maynard.buckridge,BuDlD99c3q,Ricardo,Schaefer
brenton@botsfordschowalter.net,otha_doyle,D09g6x0cFoBz6wPp,Jolynn,Lemke
donovan_schaefer@leannonlittle.io,micah,RbN2FoU7C48,Sunshine,Bogan
vergie_kirlin@graham.biz,jae.sanford,HaWbPrHbNrU,Nestor,Emard
wei_erdman@lemkehyatt.net,levi_lang,3qVx4rL50b0,Judson,Dare
chelsie@pouros.name,cora.tremblay,M0We1rWr77,Rickey,Baumbach
harold.klein@bogan.org,chaya.walker,X0KmBm9aQ9Z1,Olen,Lebsack
jarvis.kaulke@williamsonferry.org,joe_dibbert,EpK2G8TvT7F,Darwin,Ankunding
romelia@wunsch.net,landon,SpY05sU3UbEqMiEm,Howard,Lehner
andreas@kihnwhite.com,marion,8j5t8gVi60A,Jeane,Green
patience_rice@stanton.info,marshall,ZpH9DfCx4,Francesco,Cole
norman@bartoletti.org,aleshia,SxUwGoMnY,Josiah,Treutel
